date,kitchen,bathroom
'2026-03-01,Akash,Remin
'2026-03-02,Sid,Remin
'2026-03-03,Adarsh,Remin
'2026-03-04,Remin,Remin
'2026-03-05,Fadil,Remin
'2026-03-06,Edwin,Remin
'2026-03-07,Jasim,Remin
'2026-03-08,Akash,Sid
'2026-03-09,Sid,Sid
'2026-03-10,Adarsh,Sid
'2026-03-11,Remin,Sid
'2026-03-12,Fadil,Sid
'2026-03-13,Edwin,Sid
'2026-03-14,Jasim,Sid
'2026-03-15,Akash,Adarsh
'2026-03-16,Sid,Adarsh
'2026-03-17,Adarsh,Adarsh
'2026-03-18,Remin,Adarsh
'2026-03-19,Fadil,Adarsh
'2026-03-20,Edwin,Adarsh
'2026-03-21,Jasim,Adarsh
'2026-03-22,Akash,Jasim
'2026-03-23,Sid,Jasim
'2026-03-24,Adarsh,Jasim
'2026-03-25,Remin,Jasim
'2026-03-26,Fadil,Jasim
'2026-03-27,Edwin,Jasim
'2026-03-28,Jasim,Jasim
'2026-03-29,Akash,Edwin
'2026-03-30,Sid,Edwin
'2026-03-31,Adarsh,Edwin
'2026-04-01,Remin,Edwin
'2026-04-02,Fadil,Edwin
'2026-04-03,Edwin,Edwin
'2026-04-04,Jasim,Edwin
'2026-04-05,Akash,Remin
'2026-04-06,Sid,Remin
'2026-04-07,Adarsh,Remin
'2026-04-08,Remin,Remin
'2026-04-09,Fadil,Remin
'2026-04-10,Edwin,Remin
'2026-04-11,Jasim,Remin
'2026-04-12,Akash,Sid
'2026-04-13,Sid,Sid
'2026-04-14,Adarsh,Sid
'2026-04-15,Remin,Sid
'2026-04-16,Fadil,Sid
'2026-04-17,Edwin,Sid
'2026-04-18,Jasim,Sid
'2026-04-19,Akash,Adarsh
'2026-04-20,Sid,Adarsh
'2026-04-21,Adarsh,Adarsh
'2026-04-22,Remin,Adarsh
'2026-04-23,Fadil,Adarsh
'2026-04-24,Edwin,Adarsh
'2026-04-25,Jasim,Adarsh
'2026-04-26,Akash,Jasim
'2026-04-27,Sid,Jasim
'2026-04-28,Adarsh,Jasim
'2026-04-29,Remin,Jasim
'2026-04-30,Fadil,Jasim
'2026-05-01,Edwin,Jasim
'2026-05-02,Jasim,Jasim
'2026-05-03,Akash,Edwin
'2026-05-04,Sid,Edwin
'2026-05-05,Adarsh,Edwin
'2026-05-06,Remin,Edwin
'2026-05-07,Fadil,Edwin
'2026-05-08,Edwin,Edwin
'2026-05-09,Jasim,Edwin
'2026-05-10,Akash,Remin
'2026-05-11,Sid,Remin
'2026-05-12,Adarsh,Remin
'2026-05-13,Remin,Remin
'2026-05-14,Fadil,Remin
'2026-05-15,Edwin,Remin
'2026-05-16,Jasim,Remin
'2026-05-17,Akash,Sid
'2026-05-18,Sid,Sid
'2026-05-19,Adarsh,Sid
'2026-05-20,Remin,Sid
'2026-05-21,Fadil,Sid
'2026-05-22,Edwin,Sid
'2026-05-23,Jasim,Sid
'2026-05-24,Akash,Adarsh
'2026-05-25,Sid,Adarsh
'2026-05-26,Adarsh,Adarsh
'2026-05-27,Remin,Adarsh
'2026-05-28,Fadil,Adarsh
'2026-05-29,Edwin,Adarsh
'2026-05-30,Jasim,Adarsh
'2026-05-31,Akash,Jasim
'2026-06-01,Sid,Jasim
'2026-06-02,Adarsh,Jasim
'2026-06-03,Remin,Jasim
'2026-06-04,Fadil,Jasim
'2026-06-05,Edwin,Jasim
'2026-06-06,Jasim,Jasim
'2026-06-07,Akash,Edwin
'2026-06-08,Sid,Edwin
'2026-06-09,Adarsh,Edwin
'2026-06-10,Remin,Edwin
'2026-06-11,Fadil,Edwin
'2026-06-12,Edwin,Edwin
'2026-06-13,Jasim,Edwin
'2026-06-14,Akash,Remin
'2026-06-15,Sid,Remin
'2026-06-16,Adarsh,Remin
'2026-06-17,Remin,Remin
'2026-06-18,Fadil,Remin
'2026-06-19,Edwin,Remin
'2026-06-20,Jasim,Remin
'2026-06-21,Akash,Sid
'2026-06-22,Sid,Sid
'2026-06-23,Adarsh,Sid
'2026-06-24,Remin,Sid
'2026-06-25,Fadil,Sid
'2026-06-26,Edwin,Sid
'2026-06-27,Jasim,Sid
'2026-06-28,Akash,Adarsh
'2026-06-29,Sid,Adarsh
'2026-06-30,Adarsh,Adarsh
'2026-07-01,Remin,Adarsh
'2026-07-02,Fadil,Adarsh
'2026-07-03,Edwin,Adarsh
'2026-07-04,Jasim,Adarsh
'2026-07-05,Akash,Jasim
'2026-07-06,Sid,Jasim
'2026-07-07,Adarsh,Jasim
'2026-07-08,Remin,Jasim
'2026-07-09,Fadil,Jasim
'2026-07-10,Edwin,Jasim
'2026-07-11,Jasim,Jasim
'2026-07-12,Akash,Edwin
'2026-07-13,Sid,Edwin
'2026-07-14,Adarsh,Edwin
'2026-07-15,Remin,Edwin
'2026-07-16,Fadil,Edwin
'2026-07-17,Edwin,Edwin
'2026-07-18,Jasim,Edwin
'2026-07-19,Akash,Remin
'2026-07-20,Sid,Remin
'2026-07-21,Adarsh,Remin
'2026-07-22,Remin,Remin
'2026-07-23,Fadil,Remin
'2026-07-24,Edwin,Remin
'2026-07-25,Jasim,Remin
'2026-07-26,Akash,Sid
'2026-07-27,Sid,Sid
'2026-07-28,Adarsh,Sid
'2026-07-29,Remin,Sid
'2026-07-30,Fadil,Sid
'2026-07-31,Edwin,Sid
'2026-08-01,Jasim,Sid
'2026-08-02,Akash,Adarsh
'2026-08-03,Sid,Adarsh
'2026-08-04,Adarsh,Adarsh
'2026-08-05,Remin,Adarsh
'2026-08-06,Fadil,Adarsh
'2026-08-07,Edwin,Adarsh
'2026-08-08,Jasim,Adarsh
'2026-08-09,Akash,Jasim
'2026-08-10,Sid,Jasim
'2026-08-11,Adarsh,Jasim
'2026-08-12,Remin,Jasim
'2026-08-13,Fadil,Jasim
'2026-08-14,Edwin,Jasim
'2026-08-15,Jasim,Jasim
'2026-08-16,Akash,Edwin
'2026-08-17,Sid,Edwin
'2026-08-18,Adarsh,Edwin
'2026-08-19,Remin,Edwin
'2026-08-20,Fadil,Edwin
'2026-08-21,Edwin,Edwin
'2026-08-22,Jasim,Edwin
'2026-08-23,Akash,Remin
'2026-08-24,Sid,Remin
'2026-08-25,Adarsh,Remin
'2026-08-26,Remin,Remin
'2026-08-27,Fadil,Remin
'2026-08-28,Edwin,Remin
'2026-08-29,Jasim,Remin
'2026-08-30,Akash,Sid
'2026-08-31,Sid,Sid
'2026-09-01,Adarsh,Sid
'2026-09-02,Remin,Sid
'2026-09-03,Fadil,Sid
'2026-09-04,Edwin,Sid
'2026-09-05,Jasim,Sid
'2026-09-06,Akash,Adarsh
'2026-09-07,Sid,Adarsh
'2026-09-08,Adarsh,Adarsh
'2026-09-09,Remin,Adarsh
'2026-09-10,Fadil,Adarsh
'2026-09-11,Edwin,Adarsh
'2026-09-12,Jasim,Adarsh
'2026-09-13,Akash,Jasim
'2026-09-14,Sid,Jasim
'2026-09-15,Adarsh,Jasim
'2026-09-16,Remin,Jasim
'2026-09-17,Fadil,Jasim
'2026-09-18,Edwin,Jasim
'2026-09-19,Jasim,Jasim
'2026-09-20,Akash,Edwin
'2026-09-21,Sid,Edwin
'2026-09-22,Adarsh,Edwin
'2026-09-23,Remin,Edwin
'2026-09-24,Fadil,Edwin
'2026-09-25,Edwin,Edwin
'2026-09-26,Jasim,Edwin
'2026-09-27,Akash,Remin
'2026-09-28,Sid,Remin
'2026-09-29,Adarsh,Remin
'2026-09-30,Remin,Remin
'2026-10-01,Fadil,Remin
'2026-10-02,Edwin,Remin
'2026-10-03,Jasim,Remin
'2026-10-04,Akash,Sid
'2026-10-05,Sid,Sid
'2026-10-06,Adarsh,Sid
'2026-10-07,Remin,Sid
'2026-10-08,Fadil,Sid
'2026-10-09,Edwin,Sid
'2026-10-10,Jasim,Sid
'2026-10-11,Akash,Adarsh
'2026-10-12,Sid,Adarsh
'2026-10-13,Adarsh,Adarsh
'2026-10-14,Remin,Adarsh
'2026-10-15,Fadil,Adarsh
'2026-10-16,Edwin,Adarsh
'2026-10-17,Jasim,Adarsh
'2026-10-18,Akash,Jasim
'2026-10-19,Sid,Jasim
'2026-10-20,Adarsh,Jasim
'2026-10-21,Remin,Jasim
'2026-10-22,Fadil,Jasim
'2026-10-23,Edwin,Jasim
'2026-10-24,Jasim,Jasim
'2026-10-25,Akash,Edwin
'2026-10-26,Sid,Edwin
'2026-10-27,Adarsh,Edwin
'2026-10-28,Remin,Edwin
'2026-10-29,Fadil,Edwin
'2026-10-30,Edwin,Edwin
'2026-10-31,Jasim,Edwin
'2026-11-01,Akash,Remin
'2026-11-02,Sid,Remin
'2026-11-03,Adarsh,Remin
'2026-11-04,Remin,Remin
'2026-11-05,Fadil,Remin
'2026-11-06,Edwin,Remin
'2026-11-07,Jasim,Remin
'2026-11-08,Akash,Sid
'2026-11-09,Sid,Sid
'2026-11-10,Adarsh,Sid
'2026-11-11,Remin,Sid
'2026-11-12,Fadil,Sid
'2026-11-13,Edwin,Sid
'2026-11-14,Jasim,Sid
'2026-11-15,Akash,Adarsh
'2026-11-16,Sid,Adarsh
'2026-11-17,Adarsh,Adarsh
'2026-11-18,Remin,Adarsh
'2026-11-19,Fadil,Adarsh
'2026-11-20,Edwin,Adarsh
'2026-11-21,Jasim,Adarsh
'2026-11-22,Akash,Jasim
'2026-11-23,Sid,Jasim
'2026-11-24,Adarsh,Jasim
'2026-11-25,Remin,Jasim
'2026-11-26,Fadil,Jasim
'2026-11-27,Edwin,Jasim
'2026-11-28,Jasim,Jasim
'2026-11-29,Akash,Edwin
'2026-11-30,Sid,Edwin
'2026-12-01,Adarsh,Edwin
'2026-12-02,Remin,Edwin
'2026-12-03,Fadil,Edwin
'2026-12-04,Edwin,Edwin
'2026-12-05,Jasim,Edwin
'2026-12-06,Akash,Remin
'2026-12-07,Sid,Remin
'2026-12-08,Adarsh,Remin
'2026-12-09,Remin,Remin
'2026-12-10,Fadil,Remin
'2026-12-11,Edwin,Remin
'2026-12-12,Jasim,Remin
'2026-12-13,Akash,Sid
'2026-12-14,Sid,Sid
'2026-12-15,Adarsh,Sid
'2026-12-16,Remin,Sid
'2026-12-17,Fadil,Sid
'2026-12-18,Edwin,Sid
'2026-12-19,Jasim,Sid
'2026-12-20,Akash,Adarsh
'2026-12-21,Sid,Adarsh
'2026-12-22,Adarsh,Adarsh
'2026-12-23,Remin,Adarsh
'2026-12-24,Fadil,Adarsh
'2026-12-25,Edwin,Adarsh
'2026-12-26,Jasim,Adarsh
'2026-12-27,Akash,Jasim
'2026-12-28,Sid,Jasim
'2026-12-29,Adarsh,Jasim
'2026-12-30,Remin,Jasim
'2026-12-31,Fadil,Jasim
